ons,la,region,band_d,bite_score
E07000067,Braintree,E,2195,60
E07000144,Broadland,E,2328,62
E06000056,Central Bedfordshire,E,2394,66
E07000096,Dacorum,E,2294,60
E07000242,East Hertfordshire,E,2340,63
E07000145,Great Yarmouth,E,2305,66
E07000073,Harlow,E,2216,51
E07000202,Ipswich,E,2359,69
E07000146,King's Lynn and West Norfolk,E,2319,67
E07000099,North Hertfordshire,E,2333,62
E06000031,Peterborough,E,2186,59
E07000012,South Cambridgeshire,E,2415,67
E07000149,South Norfolk,E,2368,64
E07000243,Stevenage,E,2281,59
E07000076,Tendring,E,2178,59
E07000077,Uttlesford,E,2237,62
E07000103,Watford,E,2343,63
E07000172,Broxtowe,EM,2516,72
E07000034,Chesterfield,EM,2233,57
E07000035,Derbyshire Dales,EM,2332,67
E07000036,Erewash,EM,2260,58
E07000173,Gedling,EM,2507,77
E07000037,High Peak,EM,2276,64
E07000132,Hinckley and Bosworth,EM,2304,61
E06000016,Leicester,EM,2408,71
E07000138,Lincoln,EM,2261,63
E07000175,Newark and Sherwood,EM,2582,76
E07000038,North East Derbyshire,EM,2355,64
E07000139,North Kesteven,EM,2261,63
E06000061,North Northamptonshire,EM,2302,61
E07000135,Oadby and Wigston,EM,2330,67
E06000017,Rutland,EM,2671,82
E07000039,South Derbyshire,EM,2232,57
E07000141,South Kesteven,EM,2187,59
E09000002,Barking and Dagenham,L,2098,49
E09000006,Bromley,L,2042,51
E09000001,City of London,L,1274,27
E09000009,Ealing,L,2041,51
E09000014,Haringey,L,2208,60
E09000016,Havering,L,2314,66
E09000019,Islington,L,2012,50
E09000020,Kensington and Chelsea,L,1592,22
E09000024,Merton,L,2094,54
E09000027,Richmond upon Thames,L,2372,69
E09000032,Wandsworth,L,998,27
E06000047,Durham,NE,2551,79
E08000037,Gateshead,NE,2578,76
E06000001,Hartlepool,NE,2499,76
E08000021,Newcastle upon Tyne,NE,2413,72
E08000022,North Tyneside,NE,2336,68
E08000023,South Tyneside,NE,2311,61
E06000008,Blackburn with Darwen,NW,2337,68
E08000002,Bury,NW,2415,72
E06000049,Cheshire East,NW,2333,67
E08000004,Oldham,NW,2459,74
E08000009,Trafford,NW,2123,56
E07000128,Wyre,NW,2366,54
E07000084,Basingstoke and Deane,SE,2148,52
E07000085,East Hampshire,SE,2232,57
E07000208,Epsom and Ewell,SE,2417,67
E07000209,Guildford,SE,2429,73
E07000062,Hastings,SE,2554,79
E07000228,Mid Sussex,SE,2356,69
E07000178,Oxford,SE,2557,80
E07000064,Rother,SE,2561,80
E07000213,Spelthorne,SE,2413,67
E07000214,Surrey Heath,SE,2468,75
E07000215,Tandridge,SE,2472,70
E07000093,Test Valley,SE,2197,55
E07000115,Tonbridge and Malling,SE,2375,70
E06000037,West Berkshire,SE,2383,70
E07000181,West Oxfordshire,SE,2444,73
E06000040,Windsor and Maidenhead,SE,1824,39
E07000079,Cotswold,SW,2277,64
E07000080,Forest of Dean,SW,2327,67
E07000043,North Devon,SW,2515,77
E06000025,South Gloucestershire,SW,2428,73
E07000083,Tewkesbury,SW,2227,61
E06000027,Torbay,SW,2351,68
E07000234,Bromsgrove,WM,2303,61
E07000192,Cannock Chase,WM,2282,65
E07000235,Malvern Hills,WM,2281,54
E07000236,Redditch,WM,2289,60
E07000220,Rugby,WM,2378,55
E06000051,Shropshire,WM,2319,67
E07000196,South Staffordshire,WM,2220,56
E07000197,Stafford,WM,2211,61
E07000198,Staffordshire Moorlands,WM,2240,62
E07000221,Stratford-on-Avon,WM,2380,55
E06000020,Telford and Wrekin,WM,2146,57
E07000222,Warwick,WM,2357,69
E07000237,Worcester,WM,2234,62
E07000238,Wychavon,WM,2201,50
E08000033,Calderdale,YH,2302,66
E06000010,Kingston upon Hull,YH,2183,59
E08000018,Rotherham,YH,2283,60
