ons,la,region,band_d,empty_premium,trigger,premium_yr1_gbp,premium_yr2_gbp,premium_yr5_gbp,premium_yr10_gbp,n_1_2,n_2_5,n_5_10,n_10plus,total_premium_dwellings,second_home_premium,second_homes_count,bite_score
E06000059,Dorset,SW,2630,Y,1yr,2630,2630,5261,7891,714,344,81,37,1176,Y,4843,100
E07000063,Lewes,SE,2627,Y,1yr,2627,2627,5255,7882,61,37,20,12,130,Y,283,100
E06000018,Nottingham,EM,2656,Y,1yr,2656,2656,5312,7969,705,252,143,59,1159,Y,68,100
E07000065,Wealden,SE,2608,Y,1yr,2608,2608,5217,7825,125,114,26,16,281,Y,394,100
E06000023,Bristol,SW,2584,Y,1yr,2584,2584,5168,7752,902,107,68,34,1111,Y,1978,99
E07000047,West Devon,SW,2574,Y,1yr,2574,2574,5149,7723,135,15,21,2,173,Y,463,99
E08000012,Liverpool,NW,2546,Y,1yr,2546,2546,5093,7639,801,743,510,169,2223,Y,365,97
E07000061,Eastbourne,SE,2532,Y,1yr,2532,2532,5065,7597,97,71,27,13,208,Y,843,96
E07000042,Mid Devon,SW,2521,Y,1yr,2521,2521,5042,7564,186,50,37,17,290,Y,137,96
E07000176,Rushcliffe,EM,2532,Y,1yr,2532,2532,5063,7594,119,112,28,16,275,Y,109,96
E07000045,Teignbridge,SW,2513,Y,1yr,2513,2513,5026,7538,81,89,20,13,203,Y,810,95
E06000046,Isle of Wight,SE,2493,Y,1yr,2493,2493,4987,7480,249,166,32,15,462,Y,2814,94
E09000021,Kingston upon Thames,L,2489,Y,1yr,2489,2489,4979,7468,463,132,72,18,685,Y,738,94
E06000038,Reading,SE,2487,Y,1yr,2487,2487,4974,7461,284,147,33,10,474,Y,1690,94
E07000044,South Hams,SW,2492,Y,1yr,2492,2492,4984,7475,254,19,20,9,302,Y,3439,94
E08000030,Walsall,WM,2498,Y,1yr,2498,2498,4997,7495,130,557,98,31,816,Y,215,94
E07000217,Woking,SE,2482,Y,1yr,2482,2482,4964,7446,189,137,16,5,347,Y,158,94
E09000008,Croydon,L,2480,Y,1yr,2480,2480,4961,7441,229,267,72,38,606,Y,129,93
E06000057,Northumberland,NE,2465,Y,1yr,2465,2465,4929,7394,831,358,167,79,1435,Y,2943,93
E07000123,Preston,NW,2478,Y,1yr,2478,2478,4956,7434,343,236,87,25,691,Y,494,93
E08000007,Stockport,NW,2475,Y,1yr,2475,2475,4951,7426,244,250,60,35,589,Y,251,93
E06000004,Stockton-on-Tees,NE,2469,Y,1yr,2469,2469,4937,7406,221,315,79,31,646,Y,248,93
E07000046,Torridge,SW,2479,Y,1yr,2479,2479,4958,7437,113,74,33,8,228,Y,917,93
E06000043,Brighton and Hove,SE,2457,Y,1yr,2457,2457,4914,7370,552,365,60,8,985,Y,1382,92
E06000052,Cornwall,SW,2460,Y,1yr,2460,2460,4920,7380,880,673,188,80,1821,Y,11109,92
E07000040,East Devon,SW,2461,Y,1yr,2461,2461,4923,7384,168,80,17,5,270,Y,2149,92
E06000019,Herefordshire,WM,2449,Y,1yr,2449,2449,4898,7348,311,262,39,30,642,Y,795,92
E07000211,Reigate and Banstead,SE,2459,Y,1yr,2459,2459,4918,7378,253,253,30,8,544,Y,106,92
E08000005,Rochdale,NW,2458,Y,1yr,2458,2458,4916,7374,293,410,279,30,1012,Y,182,92
E08000006,Salford,NW,2452,Y,1yr,2452,2452,4904,7356,251,212,48,18,529,Y,1503,92
E08000014,Sefton,NW,2461,Y,1yr,2461,2461,4922,7383,731,222,213,103,1269,Y,427,92
E07000223,Adur,SE,2432,Y,1yr,2432,2432,4865,7298,74,80,12,1,167,Y,142,91
E07000207,Elmbridge,SE,2443,Y,1yr,2443,2443,4886,7329,173,164,34,9,380,Y,167,91
E07000010,Fenland,E,2433,Y,1yr,2433,2433,4866,7298,107,78,32,6,223,Y,147,91
E07000112,Folkestone and Hythe,SE,2437,Y,1yr,2437,2437,4875,7312,322,185,55,20,582,Y,825,91
E07000122,Pendle,NW,2535,Y,1yr,2535,2535,5070,7606,182,141,35,24,382,N,0,91
E06000066,Somerset,SW,2439,Y,1yr,2439,2439,4877,7316,416,683,150,77,1326,Y,1955,91
E07000170,Ashfield,EM,2507,Y,1yr,2507,2507,5013,7520,238,0,18,21,277,N,0,90
E08000026,Coventry,WM,2414,Y,1yr,2414,2414,4827,7241,544,271,68,41,924,Y,983,90
E06000065,North Yorkshire,YH,2418,Y,1yr,2418,2418,4837,7255,979,816,272,158,2225,Y,6581,90
E06000003,Redcar and Cleveland,NE,2424,Y,1yr,2424,2424,4849,7273,242,225,76,45,588,Y,220,90
E07000111,Sevenoaks,SE,2419,Y,1yr,2419,2419,4839,7258,148,220,22,7,397,Y,180,90
E06000009,Blackpool,NW,2392,Y,1yr,2392,2392,4784,7177,291,211,114,38,654,Y,831,89
E06000050,Cheshire West and Chester,NW,2392,Y,1yr,2392,2392,4784,7176,300,374,89,50,813,Y,570,89
E06000063,Cumberland,NW,2394,Y,1yr,2394,2394,4788,7182,460,412,154,100,1126,Y,2507,89
E09000015,Harrow,L,2396,Y,1yr,2396,2396,4792,7188,354,255,65,12,686,Y,375,89
E07000121,Lancaster,NW,2408,Y,1yr,2408,2408,4815,7222,190,172,37,25,424,Y,511,89
E07000110,Maidstone,SE,2404,Y,1yr,2404,2404,4808,7211,165,107,36,10,318,Y,116,89
E07000210,Mole Valley,SE,2406,Y,1yr,2406,2406,4812,7217,71,62,17,11,161,Y,149,89
E07000148,Norwich,E,2392,Y,1yr,2392,2392,4783,7175,242,63,35,14,354,Y,197,89
E07000114,Thanet,SE,2391,Y,1yr,2391,2391,4782,7174,281,367,52,16,716,Y,1490,89
E07000216,Waverley,SE,2484,Y,1yr,2484,2484,4968,7452,110,135,53,12,310,N,0,89
E07000177,Cherwell,SE,2464,Y,1yr,2464,2464,4928,7392,130,114,28,12,284,N,0,88
E07000041,Exeter,SW,2380,Y,1yr,2380,2380,4760,7140,129,94,32,13,268,Y,392,88
E08000039,Sheffield,YH,2389,Y,1yr,2389,2389,4778,7166,643,442,194,211,1490,Y,541,88
E06000064,Westmorland and Furness,NW,2389,Y,1yr,2389,2389,4778,7167,626,379,187,100,1292,Y,4830,88
E08000015,Wirral,NW,2382,Y,1yr,2382,2382,4763,7145,628,417,144,70,1259,Y,510,88
E06000041,Wokingham,SE,2376,Y,1yr,2376,2376,4752,7128,204,73,20,7,304,Y,186,88
E07000224,Arun,SE,2371,Y,1yr,2371,2371,4742,7113,185,49,21,5,260,Y,1345,87
E07000117,Burnley,NW,2456,Y,1yr,2456,2456,4912,7367,193,142,38,8,381,N,0,87
E07000008,Cambridge,E,2355,Y,1yr,2355,2355,4711,7066,32,58,12,1,103,Y,495,87
E06000005,Darlington,NE,2372,Y,1yr,2372,2372,4743,7115,173,51,7,10,241,Y,94,87
E07000108,Dover,SE,2364,Y,1yr,2364,2364,4729,7093,151,228,35,14,428,Y,859,87
E08000011,Knowsley,NW,2371,Y,1yr,2371,2371,4743,7114,88,102,23,7,220,Y,68,87
E07000082,Stroud,SW,2369,Y,1yr,2369,2369,4739,7108,108,123,20,13,264,Y,421,87
E07000127,West Lancashire,NW,2362,Y,1yr,2362,2362,4724,7086,257,46,50,44,397,Y,53,87
E06000062,West Northamptonshire,EM,2363,Y,1yr,2363,2363,4725,7088,215,235,72,40,562,Y,307,87
E06000055,Bedford,E,2351,Y,1yr,2351,2351,4702,7053,277,134,59,25,495,Y,161,86
E07000225,Chichester,SE,2346,Y,1yr,2346,2346,4693,7039,151,48,17,22,238,Y,1895,86
E07000118,Chorley,NW,2343,Y,1yr,2343,2343,4686,7029,133,113,20,25,291,Y,99,86
E06000011,East Riding of Yorkshire,YH,2344,Y,1yr,2344,2344,4687,7031,631,208,170,58,1067,Y,1422,86
E07000133,Melton,EM,2351,Y,1yr,2351,2351,4701,7052,45,32,14,2,93,Y,33,86
E07000147,North Norfolk,E,2341,Y,1yr,2341,2341,4682,7023,268,139,39,11,457,Y,4421,86
E07000126,South Ribble,NW,2352,Y,1yr,2352,2352,4704,7056,111,99,16,10,236,Y,39,86
E07000116,Tunbridge Wells,SE,2347,Y,1yr,2347,2347,4694,7042,168,72,15,12,267,Y,203,86
E07000229,Worthing,SE,2343,Y,1yr,2343,2343,4686,7029,138,74,18,4,234,Y,419,86
E07000106,Canterbury,SE,2322,Y,1yr,2322,2322,4643,6965,207,223,61,13,504,Y,1057,85
E07000227,Horsham,SE,2322,Y,1yr,2322,2322,4643,6965,95,78,24,9,206,Y,160,85
E08000034,Kirklees,YH,2322,Y,1yr,2322,2322,4644,6965,1857,141,156,73,2227,Y,1097,85
E06000026,Plymouth,SW,2325,Y,1yr,2325,2325,4651,6976,330,144,59,22,555,Y,862,85
E07000241,Welwyn Hatfield,E,2333,Y,1yr,2333,2333,4667,7000,157,88,62,5,312,Y,202,85
E08000031,Wolverhampton,WM,2414,Y,1yr,2414,2414,4828,7242,427,345,101,40,913,N,0,85
E07000105,Ashford,SE,2311,Y,1yr,2311,2311,4622,6934,106,40,36,4,186,Y,362,84
E06000060,Buckinghamshire,SE,2402,Y,1yr,2402,2402,4803,7205,785,281,163,77,1306,N,0,84
E07000226,Crawley,SE,2306,Y,1yr,2306,2306,4613,6919,51,19,8,7,85,Y,80,84
E07000091,New Forest,SE,2303,Y,1yr,2303,2303,4607,6910,192,112,44,18,366,Y,1210,84
E07000219,Nuneaton and Bedworth,WM,2398,Y,1yr,2398,2398,4796,7194,156,104,57,19,336,N,0,84
E07000113,Swale,SE,2306,Y,1yr,2306,2306,4611,6917,115,86,23,12,236,Y,142,84
E08000008,Tameside,NW,2312,Y,1yr,2312,2312,4624,6935,293,164,54,39,550,Y,78,84
E07000009,East Cambridgeshire,E,2374,Y,1yr,2374,2374,4748,7122,123,99,23,14,259,N,0,83
E07000098,Hertsmere,E,2289,Y,1yr,2289,2289,4578,6868,118,118,42,15,293,Y,96,83
E07000120,Hyndburn,NW,2380,Y,1yr,2380,2380,4760,7140,111,85,29,15,240,N,0,83
E07000212,Runnymede,SE,2380,Y,1yr,2380,2380,4760,7140,65,119,27,20,231,N,0,83
E06000039,Slough,SE,2299,Y,1yr,2299,2299,4597,6896,20,67,58,2,147,Y,129,83
E08000013,St Helens,NW,2289,Y,1yr,2289,2289,4577,6866,473,311,144,85,1013,Y,458,83
E06000022,Bath and North East Somerset,SW,2266,Y,1yr,2266,2266,4532,6797,447,106,53,29,635,Y,713,82
E08000001,Bolton,NW,2267,Y,1yr,2267,2267,4533,6800,398,406,110,40,954,Y,404,82
E06000058,Bournemouth Christchurch and Poole,SW,2265,Y,1yr,2265,2265,4530,6794,672,451,137,49,1309,Y,3734,82
E07000107,Dartford,SE,2281,Y,1yr,2281,2281,4561,6842,134,116,4,7,261,Y,93,82
E06000012,North East Lincolnshire,YH,2371,Y,1yr,2371,2371,4742,7113,231,245,97,37,610,N,0,82
E07000075,Rochford,E,2268,Y,1yr,2268,2268,4536,6804,54,57,23,31,165,Y,52,82
E06000017,Rutland,EM,2671,Y,unknown(folds-in),0,2671,5342,8013,0,70,13,1,84,Y,138,82
E06000045,Southampton,SE,2266,Y,1yr,2266,2266,4533,6799,419,150,57,11,637,Y,168,82
E09000029,Sutton,L,2270,Y,1yr,2270,2270,4539,6809,213,294,43,13,563,Y,151,82
E09000031,Waltham Forest,L,2278,Y,1yr,2278,2278,4555,6833,371,210,77,23,681,Y,208,82
E06000007,Warrington,NW,2281,Y,1yr,2281,2281,4563,6844,204,136,26,19,385,Y,307,82
E09000004,Bexley,L,2258,Y,1yr,2258,2258,4516,6774,110,266,48,19,443,Y,33,81
E08000032,Bradford,YH,2246,Y,1yr,2246,2246,4492,6738,1491,300,266,133,2190,Y,2225,81
E07000078,Cheltenham,SW,2258,Y,1yr,2258,2258,4517,6775,166,122,54,6,348,Y,656,81
E07000081,Gloucester,SW,2246,Y,1yr,2246,2246,4492,6738,134,85,13,7,239,Y,111,81
E06000006,Halton,NW,2249,Y,1yr,2249,2249,4499,6748,80,99,19,19,217,Y,53,81
E07000194,Lichfield,WM,2259,Y,1yr,2259,2259,4518,6778,139,97,54,16,306,Y,92,81
E06000042,Milton Keynes,SE,2258,Y,1yr,2258,2258,4516,6774,511,284,31,18,844,Y,1279,81
E07000200,Babergh,E,2233,Y,1yr,2233,2233,4466,6699,93,94,21,10,218,Y,381,80
E08000038,Barnsley,YH,2241,Y,1yr,2241,2241,4483,6724,280,228,73,26,607,Y,71,80
E08000025,Birmingham,WM,2245,Y,1yr,2245,2245,4491,6736,3643,638,661,251,5193,Y,782,80
E07000143,Breckland,E,2329,Y,1yr,2329,2329,4657,6986,161,91,29,26,307,N,0,80
E07000130,Charnwood,EM,2328,Y,1yr,2328,2328,4655,6982,1,140,34,17,192,N,0,80
E07000086,Eastleigh,SE,2228,Y,1yr,2228,2228,4455,6683,61,94,12,5,172,Y,143,80
E07000088,Gosport,SE,2236,Y,1yr,2236,2236,4472,6708,79,43,22,15,159,Y,165,80
E06000032,Luton,E,2320,Y,1yr,2320,2320,4641,6961,431,405,111,20,967,N,0,80
E07000074,Maldon,E,2233,Y,1yr,2233,2233,4466,6698,80,49,16,12,157,Y,179,80
E07000195,Newcastle-under-Lyme,WM,2245,Y,1yr,2245,2245,4490,6735,196,120,44,21,381,Y,296,80
E07000178,Oxford,SE,2557,Y,unknown(folds-in),0,2557,5114,7671,0,554,39,12,605,Y,1137,80
E07000064,Rother,SE,2561,Y,unknown(folds-in),0,2561,5123,7684,0,118,30,16,164,Y,832,80
E07000245,West Suffolk,E,2243,Y,1yr,2243,2243,4486,6729,238,138,42,44,462,Y,379,80
E07000239,Wyre Forest,WM,2327,Y,1yr,2327,2327,4655,6982,79,68,14,7,168,N,0,80
E06000047,Durham,NE,2551,Y,unknown(folds-in),0,2551,5102,7654,0,1902,292,140,2334,Y,1093,79
E07000244,East Suffolk,E,2222,Y,1yr,2222,2222,4445,6667,371,287,74,47,779,Y,3520,79
E07000062,Hastings,SE,2554,Y,unknown(folds-in),0,2554,5108,7662,0,443,69,12,524,Y,618,79
E06000035,Medway,SE,2215,Y,1yr,2215,2215,4431,6646,503,114,57,36,710,Y,255,79
E06000030,Swindon,SW,2318,Y,1yr,2318,2318,4635,6953,157,139,28,15,339,N,0,79
E07000070,Chelmsford,E,2207,Y,1yr,2207,2207,4414,6621,151,135,22,18,326,Y,239,78
E07000071,Colchester,E,2192,Y,1yr,2192,2192,4384,6576,141,93,34,21,289,Y,259,78
E07000203,Mid Suffolk,E,2208,Y,1yr,2208,2208,4417,6625,126,98,36,14,274,Y,342,78
E06000024,North Somerset,SW,2295,Y,1yr,2295,2295,4590,6885,291,82,26,7,406,N,0,78
E07000173,Gedling,EM,2507,Y,unknown(folds-in),0,2507,5014,7521,0,203,22,16,241,Y,126,77
E08000003,Manchester,NW,2183,Y,1yr,2183,2183,4366,6549,436,410,63,118,1027,Y,2045,77
E07000043,North Devon,SW,2515,Y,unknown(folds-in),0,2515,5029,7544,0,256,23,16,295,Y,1651,77
E06000044,Portsmouth,SE,2181,Y,1yr,2181,2181,4362,6543,61,168,37,24,290,Y,425,77
E09000026,Redbridge,L,2190,Y,1yr,2190,2190,4379,6569,574,64,45,11,694,Y,535,77
E08000036,Wakefield,YH,2186,Y,1yr,2186,2186,4372,6558,440,322,86,50,898,Y,551,77
E06000014,York,YH,2175,Y,1yr,2175,2175,4350,6525,285,269,37,17,608,Y,412,77
E06000036,Bracknell Forest,SE,2155,Y,1yr,2155,2155,4310,6466,100,60,52,53,265,Y,32,76
E07000193,East Staffordshire,WM,2257,Y,1yr,2257,2257,4515,6772,130,112,44,28,314,N,0,76
E09000010,Enfield,L,2164,Y,1yr,2164,2164,4328,6492,964,75,108,16,1163,Y,641,76
E07000087,Fareham,SE,2165,Y,1yr,2165,2165,4329,6494,108,170,35,8,321,Y,97,76
E08000037,Gateshead,NE,2578,Y,unknown(folds-in),0,2578,5157,7735,0,246,94,54,394,N,0,76
E06000001,Hartlepool,NE,2499,Y,unknown(folds-in),0,2499,4997,7496,0,406,65,21,492,Y,104,76
E08000035,Leeds,YH,2172,Y,1yr,2172,2172,4345,6517,1581,1051,179,64,2875,Y,2898,76
E07000175,Newark and Sherwood,EM,2582,Y,unknown(folds-in),0,2582,5164,7747,0,336,48,24,408,N,0,76
E06000033,Southend-on-Sea,E,2155,Y,1yr,2155,2155,4309,6464,224,137,34,24,419,Y,494,76
E07000094,Winchester,SE,2251,Y,1yr,2251,2251,4502,6754,86,79,8,7,180,N,0,76
E07000066,Basildon,E,2245,Y,1yr,2245,2245,4489,6734,107,95,22,9,233,N,0,75
E06000013,North Lincolnshire,YH,2238,Y,1yr,2238,2238,4476,6714,185,181,80,26,472,N,0,75
E07000214,Surrey Heath,SE,2468,Y,unknown(folds-in),0,2468,4936,7404,0,340,27,2,369,Y,87,75
E06000034,Thurrock,E,2145,Y,1yr,2145,2145,4290,6435,236,120,44,17,417,Y,99,75
E09000005,Brent,L,2133,Y,1yr,2133,2133,4266,6399,839,66,107,23,1035,Y,201,74
E09000023,Lewisham,L,2135,Y,1yr,2135,2135,4270,6405,300,204,84,13,601,Y,193,74
E08000004,Oldham,NW,2459,Y,unknown(folds-in),0,2459,4919,7378,0,395,59,57,511,Y,257,74
E08000028,Sandwell,WM,2133,Y,1yr,2133,2133,4267,6400,419,161,96,48,724,Y,549,74
E09000007,Camden,L,2107,Y,1yr,2107,2107,4213,6320,285,321,119,5,730,Y,2286,73
E06000015,Derby,EM,2196,Y,1yr,2196,2196,4392,6587,347,290,64,29,730,N,0,73
E08000017,Doncaster,YH,2110,Y,1yr,2110,2110,4221,6332,920,155,136,71,1282,Y,441,73
E07000209,Guildford,SE,2429,Y,unknown(folds-in),0,2429,4858,7287,0,209,43,17,269,Y,263,73
E06000025,South Gloucestershire,SW,2428,Y,unknown(folds-in),0,2428,4856,7284,0,260,18,11,289,Y,70,73
E07000181,West Oxfordshire,SE,2444,Y,unknown(folds-in),0,2444,4888,7332,0,245,13,2,260,Y,617,73
E07000172,Broxtowe,EM,2516,Y,unknown(folds-in),0,2516,5032,7549,0,226,23,18,267,N,0,72
E08000002,Bury,NW,2415,Y,unknown(folds-in),0,2415,4829,7244,0,317,50,22,389,Y,158,72
E07000072,Epping Forest,E,2187,Y,1yr,2187,2187,4373,6560,207,136,23,9,375,N,0,72
E09000018,Hounslow,L,2086,Y,1yr,2086,2086,4172,6257,730,203,53,12,998,Y,200,72
E08000021,Newcastle upon Tyne,NE,2413,Y,unknown(folds-in),0,2413,4826,7239,0,642,144,110,896,Y,2160,72
E08000024,Sunderland,NE,2093,Y,1yr,2093,2093,4186,6278,527,297,131,57,1012,Y,302,72
E06000016,Leicester,EM,2408,Y,unknown(folds-in),0,2408,4815,7223,0,936,96,93,1125,Y,1778,71
E06000021,Stoke-on-Trent,WM,2078,Y,1yr,2078,2078,4157,6235,560,358,164,81,1163,Y,205,71
E07000215,Tandridge,SE,2472,Y,unknown(folds-in),0,2472,4943,7415,0,32,15,21,68,N,0,70
E07000115,Tonbridge and Malling,SE,2375,Y,unknown(folds-in),0,2375,4750,7124,0,214,35,9,258,Y,167,70
E06000037,West Berkshire,SE,2383,Y,unknown(folds-in),0,2383,4766,7149,0,420,20,16,456,Y,188,70
E09000003,Barnet,L,2036,Y,1yr,2036,2036,4071,6107,798,647,134,51,1630,Y,940,69
E08000027,Dudley,WM,2039,Y,1yr,2039,2039,4077,6116,665,245,80,32,1022,Y,153,69
E07000202,Ipswich,E,2359,Y,unknown(folds-in),0,2359,4717,7076,0,218,19,9,246,Y,395,69
E07000228,Mid Sussex,SE,2356,Y,unknown(folds-in),0,2356,4713,7069,0,154,62,57,273,Y,121,69
E09000027,Richmond upon Thames,L,2372,Y,unknown(folds-in),0,2372,4744,7116,0,309,49,9,367,Y,327,69
E07000222,Warwick,WM,2357,Y,unknown(folds-in),0,2357,4713,7070,0,329,57,17,403,Y,306,69
E07000171,Bassetlaw,EM,2540,Y,2yr,0,2540,5079,7619,0,86,35,36,157,N,0,68
E06000008,Blackburn with Darwen,NW,2337,Y,unknown(folds-in),0,2337,4674,7012,0,227,55,20,302,Y,150,68
E09000011,Greenwich,L,2012,Y,1yr,2012,2012,4024,6035,366,228,65,30,689,Y,505,68
E08000022,North Tyneside,NE,2336,Y,unknown(folds-in),0,2336,4673,7009,0,385,47,26,458,Y,295,68
E06000027,Torbay,SW,2351,Y,unknown(folds-in),0,2351,4701,7052,0,816,61,22,899,Y,1318,68
E07000095,Broxbourne,E,2198,Y,1yr,2198,2198,4396,6594,1,58,10,0,69,N,0,67
E06000049,Cheshire East,NW,2333,Y,unknown(folds-in),0,2333,4665,6998,0,1090,105,62,1257,Y,1030,67
E07000035,Derbyshire Dales,EM,2332,Y,unknown(folds-in),0,2332,4665,6997,0,118,30,66,214,Y,803,67
E07000208,Epsom and Ewell,SE,2417,Y,unknown(folds-in),0,2417,4834,7251,0,30,9,10,49,N,0,67
E07000080,Forest of Dean,SW,2327,Y,unknown(folds-in),0,2327,4654,6981,0,123,12,8,143,Y,246,67
E07000146,King's Lynn and West Norfolk,E,2319,Y,unknown(folds-in),0,2319,4637,6956,0,594,74,24,692,Y,2732,67
E07000135,Oadby and Wigston,EM,2330,Y,unknown(folds-in),0,2330,4660,6990,0,124,25,16,165,Y,50,67
E06000051,Shropshire,WM,2319,Y,unknown(folds-in),0,2319,4638,6956,0,989,106,83,1178,Y,1508,67
E08000029,Solihull,WM,2088,Y,1yr,2088,2088,4176,6263,259,94,29,9,391,N,0,67
E07000012,South Cambridgeshire,E,2415,Y,unknown(folds-in),0,2415,4829,7244,0,163,53,28,244,N,0,67
E07000213,Spelthorne,SE,2413,Y,unknown(folds-in),0,2413,4826,7238,0,67,21,8,96,N,0,67
E08000033,Calderdale,YH,2302,Y,unknown(folds-in),0,2302,4605,6907,0,802,182,88,1072,Y,308,66
E06000056,Central Bedfordshire,E,2394,Y,unknown(folds-in),0,2394,4788,7182,0,634,77,28,739,N,0,66
E07000145,Great Yarmouth,E,2305,Y,unknown(folds-in),0,2305,4610,6915,0,318,39,17,374,Y,696,66
E09000016,Havering,L,2314,Y,unknown(folds-in),0,2314,4627,6941,0,241,89,81,411,Y,56,66
E07000192,Cannock Chase,WM,2282,Y,unknown(folds-in),0,2282,4565,6847,0,158,25,13,196,Y,82,65
E09000012,Hackney,L,1967,Y,1yr,1967,1967,3933,5900,386,286,136,42,850,Y,387,65
E07000174,Mansfield,EM,2498,Y,2yr,0,2498,4997,7495,0,89,30,12,131,N,0,65
E06000002,Middlesbrough,NE,2488,Y,2yr,0,2488,4975,7463,0,336,101,35,472,N,0,65
E07000079,Cotswold,SW,2277,Y,unknown(folds-in),0,2277,4553,6830,0,417,5,3,425,Y,1140,64
E07000037,High Peak,EM,2276,Y,unknown(folds-in),0,2276,4551,6827,0,234,37,22,293,Y,295,64
E09000022,Lambeth,L,1954,Y,1yr,1954,1954,3908,5862,643,846,167,69,1725,Y,352,64
E07000038,North East Derbyshire,EM,2355,Y,unknown(folds-in),0,2355,4710,7065,0,115,52,33,200,N,0,64
E07000149,South Norfolk,E,2368,Y,unknown(folds-in),0,2368,4736,7104,0,145,16,4,165,N,0,64
E07000179,South Oxfordshire,SE,2474,Y,2yr,0,2474,4949,7423,0,101,33,12,146,N,0,64
E07000242,East Hertfordshire,E,2340,Y,unknown(folds-in),0,2340,4679,7019,0,106,27,31,164,N,0,63
E07000138,Lincoln,EM,2261,Y,unknown(folds-in),0,2261,4522,6783,0,237,24,16,277,Y,345,63
E07000139,North Kesteven,EM,2261,Y,unknown(folds-in),0,2261,4522,6783,0,274,15,16,305,Y,147,63
E07000180,Vale of White Horse,SE,2457,Y,2yr,0,2457,4914,7370,0,109,24,9,142,N,0,63
E07000103,Watford,E,2343,Y,unknown(folds-in),0,2343,4687,7030,0,176,14,3,193,N,0,63
E08000010,Wigan,NW,2031,Y,1yr,2031,2031,4063,6094,524,101,57,0,682,Y,340,63
E07000144,Broadland,E,2328,Y,unknown(folds-in),0,2328,4656,6984,0,75,19,7,101,N,0,62
E07000011,Huntingdonshire,E,2440,Y,2yr,0,2440,4879,7319,0,119,44,21,184,N,0,62
E07000099,North Hertfordshire,E,2333,Y,unknown(folds-in),0,2333,4665,6998,0,265,15,13,293,N,0,62
E07000218,North Warwickshire,WM,2432,Y,2yr,0,2432,4864,7295,0,64,46,24,134,N,0,62
E07000198,Staffordshire Moorlands,WM,2240,Y,unknown(folds-in),0,2240,4481,6721,0,233,32,36,301,Y,200,62
E07000077,Uttlesford,E,2237,Y,unknown(folds-in),0,2237,4475,6712,0,137,42,13,192,Y,96,62
E06000054,Wiltshire,SW,2443,Y,2yr,0,2443,4887,7330,0,181,1,155,337,N,0,62
E07000237,Worcester,WM,2234,Y,unknown(folds-in),0,2234,4468,6702,0,115,34,6,155,Y,208,62
E07000234,Bromsgrove,WM,2303,Y,unknown(folds-in),0,2303,4605,6908,0,142,28,8,178,N,0,61
E07000132,Hinckley and Bosworth,EM,2304,Y,unknown(folds-in),0,2304,4608,6912,0,68,18,4,90,N,0,61
E06000061,North Northamptonshire,EM,2302,Y,unknown(folds-in),0,2302,4604,6906,0,375,57,34,466,N,0,61
E07000125,Rossendale,NW,2424,Y,2yr,0,2424,4849,7273,0,101,24,25,150,N,0,61
E08000023,South Tyneside,NE,2311,Y,unknown(folds-in),0,2311,4622,6934,0,204,82,59,345,N,0,61
E07000197,Stafford,WM,2211,Y,unknown(folds-in),0,2211,4422,6632,0,362,63,12,437,Y,193,61
E07000083,Tewkesbury,SW,2227,Y,unknown(folds-in),0,2227,4453,6680,0,159,11,12,182,Y,208,61
E07000129,Blaby,EM,2407,Y,2yr,0,2407,4814,7220,0,33,12,6,51,N,0,60
E07000067,Braintree,E,2195,Y,unknown(folds-in),0,2195,4389,6584,0,489,82,62,633,Y,106,60
E07000096,Dacorum,E,2294,Y,unknown(folds-in),0,2294,4588,6883,0,57,17,9,83,N,0,60
E09000014,Haringey,L,2208,Y,unknown(folds-in),0,2208,4416,6624,0,412,80,34,526,Y,537,60
E07000236,Redditch,WM,2289,Y,unknown(folds-in),0,2289,4579,6868,0,120,10,4,134,N,0,60
E08000018,Rotherham,YH,2283,Y,unknown(folds-in),0,2283,4567,6850,0,425,67,28,520,N,0,60
E09000028,Southwark,L,1878,Y,1yr,1878,1878,3756,5634,1062,305,244,23,1634,Y,700,60
E07000119,Fylde,NW,2388,Y,2yr,0,2388,4776,7163,0,106,22,9,137,N,0,59
E06000010,Kingston upon Hull,YH,2183,Y,unknown(folds-in),0,2183,4365,6548,0,951,129,53,1133,Y,325,59
E09000025,Newham,L,1856,Y,1yr,1856,1856,3712,5568,782,192,101,398,1473,Y,23,59
E06000031,Peterborough,E,2186,Y,unknown(folds-in),0,2186,4371,6557,0,499,34,11,544,Y,258,59
E07000141,South Kesteven,EM,2187,Y,unknown(folds-in),0,2187,4374,6561,0,129,24,16,169,Y,211,59
E07000243,Stevenage,E,2281,Y,unknown(folds-in),0,2281,4563,6844,0,34,47,7,88,N,0,59
E07000076,Tendring,E,2178,Y,unknown(folds-in),0,2178,4357,6535,0,488,50,14,552,Y,907,59
E07000036,Erewash,EM,2260,Y,unknown(folds-in),0,2260,4520,6780,0,304,40,28,372,N,0,58
E06000053,Isles of Scilly,SW,1950,Y,1yr,1950,1950,3900,5850,7,3,11,0,21,Y,104,58
E07000034,Chesterfield,EM,2233,Y,unknown(folds-in),0,2233,4466,6699,0,138,43,28,209,N,0,57
E07000085,East Hampshire,SE,2232,Y,unknown(folds-in),0,2232,4463,6695,0,48,17,9,74,N,0,57
E07000134,North West Leicestershire,EM,2338,Y,2yr,0,2338,4676,7014,0,81,34,15,130,N,0,57
E07000039,South Derbyshire,EM,2232,Y,unknown(folds-in),0,2232,4464,6696,0,77,31,8,116,N,0,57
E06000020,Telford and Wrekin,WM,2146,Y,unknown(folds-in),0,2146,4292,6439,0,405,38,10,453,Y,173,57
E07000136,Boston,EM,2237,Y,2yr,0,2237,4473,6710,0,99,34,17,150,Y,98,56
E07000131,Harborough,EM,2325,Y,2yr,0,2325,4650,6975,0,65,22,13,100,N,0,56
E07000196,South Staffordshire,WM,2220,Y,unknown(folds-in),0,2220,4439,6659,0,53,20,11,84,N,0,56
E08000009,Trafford,NW,2123,Y,unknown(folds-in),0,2123,4245,6368,0,710,79,25,814,Y,800,56
E07000090,Havant,SE,2213,Y,2yr,0,2213,4426,6639,0,53,7,13,73,Y,169,55
E07000220,Rugby,WM,2378,Y,unknown(folds-in),0,2378,4756,7134,0,117,0,0,117,N,0,55
E07000240,St Albans,E,2306,Y,2yr,0,2306,4612,6918,0,73,12,6,91,N,0,55
E07000221,Stratford-on-Avon,WM,2380,Y,unknown(folds-in),0,2380,4760,7140,0,278,0,0,278,N,0,55
E07000093,Test Valley,SE,2197,Y,unknown(folds-in),0,2197,4393,6590,0,14,8,6,28,N,0,55
E07000102,Three Rivers,E,2306,Y,2yr,0,2306,4613,6919,0,32,0,20,52,N,0,55
E07000137,East Lindsey,EM,2202,Y,2yr,0,2202,4403,6605,0,326,96,52,474,Y,1079,54
E07000089,Hart,SE,2285,Y,2yr,0,2285,4570,6855,0,61,40,11,112,N,0,54
E07000235,Malvern Hills,WM,2281,Y,unknown(folds-in),0,2281,4562,6842,0,160,0,0,160,Y,262,54
E09000024,Merton,L,2094,Y,unknown(folds-in),0,2094,4189,6283,0,828,53,32,913,Y,1131,54
E07000140,South Holland,EM,2205,Y,2yr,0,2205,4411,6616,0,111,31,16,158,Y,179,54
E09000030,Tower Hamlets,L,1755,Y,1yr,1755,1755,3509,5264,840,558,54,8,1460,Y,3231,54
E07000128,Wyre,NW,2366,Y,unknown(folds-in),0,2366,4731,7097,0,20,0,0,20,N,0,54
E07000142,West Lindsey,EM,2280,Y,2yr,0,2280,4560,6839,0,135,41,41,217,N,0,53
E07000084,Basingstoke and Deane,SE,2148,Y,unknown(folds-in),0,2148,4296,6444,0,242,22,32,296,N,0,52
E07000068,Brentwood,E,2167,Y,2yr,0,2167,4333,6500,0,121,16,11,148,Y,131,52
E09000006,Bromley,L,2042,Y,unknown(folds-in),0,2042,4085,6127,0,374,78,40,492,Y,225,51
E09000009,Ealing,L,2041,Y,unknown(folds-in),0,2041,4082,6123,0,454,48,29,531,Y,616,51
E07000073,Harlow,E,2216,Y,unknown(folds-in),0,2216,4433,6649,0,264,0,0,264,Y,100,51
E09000019,Islington,L,2012,Y,unknown(folds-in),0,2012,4024,6036,0,270,46,9,325,Y,247,50
E07000092,Rushmoor,SE,2213,Y,2yr,0,2213,4426,6638,0,25,3,7,35,N,0,50
E07000199,Tamworth,WM,2210,Y,2yr,0,2210,4420,6629,0,44,21,12,77,N,0,50
E07000238,Wychavon,WM,2201,Y,unknown(folds-in),0,2201,4402,6603,0,241,0,0,241,Y,303,50
E09000002,Barking and Dagenham,L,2098,Y,unknown(folds-in),0,2098,4196,6294,0,61,6,9,76,N,0,49
E09000013,Hammersmith and Fulham,L,1451,Y,1yr,1451,1451,2903,4354,122,282,53,17,474,Y,2160,45
E09000033,Westminster,L,1019,Y,1yr,1019,1019,2038,3057,500,567,172,32,1271,Y,10587,45
E06000040,Windsor and Maidenhead,SE,1824,Y,unknown(folds-in),0,1824,3647,5470,0,765,37,28,830,Y,639,39
E09000017,Hillingdon,L,1952,Y,2yr,0,1952,3905,5857,0,100,37,34,171,N,0,35
E09000001,City of London,L,1274,Y,unknown(folds-in),0,1274,2548,3822,0,114,4,3,121,Y,1809,27
E09000032,Wandsworth,L,998,Y,unknown(folds-in),0,998,1996,2993,0,205,19,9,233,Y,1263,27
E09000020,Kensington and Chelsea,L,1592,Y,unknown(folds-in),0,1592,3183,4775,0,1196,154,61,1411,N,0,22
E07000032,Amber Valley,EM,2298,N,n/a,0,0,0,0,0,0,0,0,0,N,0,0
E07000033,Bolsover,EM,2448,N,n/a,0,0,0,0,0,0,0,0,0,N,0,0
E07000069,Castle Point,E,2227,N,n/a,0,0,0,0,0,0,0,0,0,N,0,0
E07000109,Gravesham,SE,2313,N,n/a,0,0,0,0,0,0,0,0,0,N,0,0
E07000124,Ribble Valley,NW,2300,N,n/a,0,0,0,0,0,0,0,0,0,N,0,0
